,num,Residue,van der Waals,Electrostatic,Polar Solvation,Non-Polar Solv.,Total,Sidechain,Backbone
0,1,GLY,0.0,16.301380000000005,-16.291900000000005,0.0,0.00947999999999972,0.001695000000000202,0.007795000000001266
1,2,PRO,-1.5000000000000568e-05,-0.08403500000000036,0.08385499999999997,0.0,-0.00019500000000029162,0.0022399999999998775,-0.0025749999999998873
2,3,ARG,-3.4999999999998364e-05,16.2483,-16.238734999999984,0.0,0.00952999999999534,0.005945000000002096,0.003625000000000318
3,4,VAL,-3.9999999999991153e-05,0.23593499999999998,-0.23420000000000016,0.0,0.0016949999999999932,0.0008500000000001284,0.0009450000000003306
4,5,LEU,-7.999999999999118e-05,-0.18018,0.18010499999999996,0.0,-0.00015499999999997626,0.0002550000000001296,-0.00023500000000000409
5,6,VAL,-0.0001749999999999696,0.4144549999999998,-0.40829000000000015,0.0,0.005989999999999802,0.0019800000000000815,0.004000000000000629
6,7,VAL,-0.0002200000000000335,-0.5096450000000001,0.5099400000000002,0.0,7.499999999998952e-05,0.0019649999999999767,-0.0018000000000001038
7,8,GLY,-0.00022999999999999022,-0.2811400000000001,0.28424000000000005,0.0,0.0028699999999996194,-0.0019650000000000258,0.004859999999999032
8,9,SER,-0.00039999999999997817,0.10079000000000014,-0.09675999999999997,0.0,0.0036300000000000095,0.003445000000000023,0.00016500000000041704
9,10,GLY,-0.0007350000000000056,1.2440600000000017,-1.2267450000000002,0.0,0.016580000000000452,-0.0038699999999999802,0.02050499999999985
10,11,ILE,-0.005094999999999925,1.3440299999999994,-1.3255999999999997,0.0,0.01333499999999978,0.0017049999999999876,0.011724999999999937
11,12,ALA,-0.0013999999999999835,0.7867749999999988,-0.7717999999999998,0.0,0.01357499999999949,0.003685000000000025,0.009880000000000267
12,13,GLY,-0.0003649999999999842,0.5464549999999997,-0.541785,0.0,0.004304999999998877,-0.0025200000000000513,0.006905000000000761
13,14,LEU,-0.000649999999999995,0.849965,-0.8380750000000002,0.0,0.01123999999999974,0.0031600000000000295,0.00817500000000084
14,15,GLY,-0.00034499999999997754,0.9045500000000007,-0.8938549999999998,0.0,0.01035000000000049,-0.002624999999999993,0.01282999999999915
15,16,ALA,-0.0002600000000000424,0.4936700000000001,-0.489235,0.0,0.004175000000000021,0.001795000000000071,0.0021900000000007634
16,17,ALA,-0.0001600000000000046,0.5054699999999999,-0.5020250000000002,0.0,0.0032849999999997027,0.0014150000000000508,0.0019849999999999556
17,18,GLN,-0.0002600000000000069,-0.005280000000000058,0.00707500000000003,0.0,0.0015349999999998332,-0.0008899999999999153,0.0024100000000001165
18,19,LYS,-0.00027000000000002353,26.837715000000006,-26.78285,0.0,0.054595000000000275,0.04303499999999993,0.011475000000000098
19,20,LEU,-0.00014500000000001735,0.4301749999999997,-0.42734000000000016,0.0,0.0026899999999997126,0.001590000000000007,0.0010649999999997628
20,21,CYS,-7.999999999999563e-05,0.4341649999999999,-0.4326649999999998,0.0,0.0014200000000001768,0.00014499999999999957,0.0013350000000004658
21,22,SER,-1.9999999999997796e-05,0.28506499999999957,-0.28405499999999984,0.0,0.0009899999999994557,0.0007600000000000068,0.00017499999999943228
22,23,HIE,-5.500000000000949e-05,0.2726949999999999,-0.27179499999999995,0.0,0.0008449999999998203,-4.499999999994398e-05,0.0009000000000000375
23,24,ARG,-6.0000000000011155e-05,17.558675000000004,-17.545884999999995,0.0,0.012730000000000387,0.009124999999999517,0.0035500000000002617
24,25,ALA,-1.0000000000001119e-05,0.20715500000000028,-0.20655500000000004,0.0,0.0005900000000003103,0.00045999999999995377,0.0001400000000006063
25,26,ALA,-1.4999999999998349e-05,0.3100749999999994,-0.30913500000000016,0.0,0.0009249999999993452,0.0003199999999999692,0.000535000000000454
26,27,PRO,-4.0000000000004476e-05,0.0647500000000002,-0.06451499999999999,0.0,0.00019500000000027384,0.0033000000000001782,-0.003029999999999493
27,28,HIE,-2.4999999999995027e-05,-0.37470499999999984,0.3735999999999997,0.0,-0.0011299999999997733,-0.0009300000000001684,-4.999999999947692e-05
28,29,LEU,-9.500000000000064e-05,0.31874000000000047,-0.3170449999999999,0.0,0.0016000000000006937,0.0009999999999999853,0.0007349999999995749
29,30,ARG,-4.9999999999990055e-05,18.271089999999994,-18.255529999999997,0.0,0.015510000000001299,0.009429999999998984,0.006185000000000206
30,31,VAL,-0.0001949999999999985,0.42296500000000026,-0.4187299999999998,0.0,0.004040000000000075,0.0017800000000000205,0.0024699999999992796
31,32,LEU,-9.500000000000064e-05,-0.5202949999999993,0.51786,0.0,-0.0025299999999993526,0.0004000000000000159,-0.0029650000000004894
32,33,GLU,-0.000290000000000008,-26.642265,26.586334999999984,0.0,-0.05622000000000035,-0.05401499999999992,-0.002125000000000039
33,34,ALA,-0.0001300000000000212,0.5099350000000005,-0.5074650000000002,0.0,0.0023400000000004997,0.0013500000000000157,0.0009000000000001853
34,35,THR,-0.00026999999999999247,0.08879500000000032,-0.08741,0.0,0.00111500000000059,0.0002150000000000496,0.000895000000000441
35,36,ALA,-8.500000000000619e-05,0.17212499999999997,-0.17097,0.0,0.0010700000000000776,0.0009699999999998976,0.0001600000000004087
36,37,SER,-0.00027000000000001025,-0.12378,0.12641500000000006,0.0,0.0023650000000001014,0.0015499999999999386,0.0007550000000002477
37,38,ALA,-0.000379999999999987,-0.1314649999999996,0.1360550000000001,0.0,0.004210000000000205,0.0018350000000001043,0.00244999999999979
38,39,GLY,-0.0009049999999999913,-1.0850950000000004,1.0802300000000005,0.0,-0.005769999999999293,-0.0032599999999999474,-0.002610000000000243
39,40,GLY,-0.00113,0.20485999999999996,-0.19462999999999983,0.0,0.009099999999999353,-0.003814999999999975,0.012885000000000191
40,41,ARG,-0.018655000000000067,45.835604999999994,-45.555690000000006,0.0,0.2612599999999948,0.22788000000000067,0.033285000000000425
41,42,ILE,-0.008219999999999951,-0.9274900000000005,0.9171899999999998,0.0,-0.018519999999999898,-0.0037450000000000426,-0.01471000000000045
42,43,ARG,-0.002069999999999874,28.128739999999983,-28.06527500000002,0.0,0.06139500000000055,0.035340000000002904,0.025989999999999805
43,44,SER,-0.0008399999999999718,0.3528100000000003,-0.35003999999999996,0.0,0.0019300000000002137,0.0008999999999999836,0.0009199999999989439
44,45,GLU,-0.0005499999999999905,-26.666295000000005,26.612765000000003,0.0,-0.05407999999999873,-0.038734999999999783,-0.015220000000000108
45,46,ARG,-0.000244999999999993,22.444684999999996,-22.411634999999983,0.0,0.032805000000000174,0.020654999999998296,0.012044999999999275
46,47,CYS,-0.00024999999999999025,-0.19405499999999976,0.19375499999999984,0.0,-0.0005499999999997373,0.0001850000000000529,-0.0007299999999991524
47,48,PHE,-0.0003199999999999559,-0.1746450000000001,0.17331500000000005,0.0,-0.0016500000000005154,0.0002449999999999486,-0.0018649999999993084
48,49,GLY,-4.000000000000225e-05,0.08041499999999982,-0.07981999999999995,0.0,0.0005549999999998834,-0.0007949999999999413,0.0014149999999989204
49,50,GLY,-0.00011500000000000065,0.42405999999999927,-0.4208450000000001,0.0,0.003099999999999445,-0.0011549999999999972,0.004265000000000288
50,51,VAL,-0.00046000000000002706,-0.11170999999999989,0.11579,0.0,0.0036200000000001674,0.0011250000000000671,0.002595000000000183
51,52,VAL,-0.001254999999999926,0.7904249999999996,-0.7761649999999995,0.0,0.013005000000000098,0.002640000000000178,0.010220000000000057
52,53,GLU,-0.005494999999999948,-36.914445,36.799335000000006,0.0,-0.1206049999999992,-0.09092499999999916,-0.029759999999999537
53,54,LEU,-0.0036900000000000244,-0.9444299999999995,0.9510950000000002,0.0,0.002975000000000323,-0.001064999999999925,0.003980000000000672
54,55,GLY,-0.012389999999999997,-0.005175000000000267,0.06298999999999999,0.0,0.04542499999999957,-0.011884999999999979,0.057289999999998814
55,56,ALA,-0.05264000000000006,3.5375150000000013,-3.3637849999999982,0.0,0.12109000000000054,-0.012230000000000029,0.1333300000000005
56,57,HIE,-0.12332499999999992,2.2030700000000003,-2.16274,-0.0031142160000000047,-0.08610921600000028,-0.21644932400000008,0.13018499999999975
57,58,TRP,-1.8267049999999998,3.384814999999998,-4.221489999999999,-0.042083315999999996,-2.705463316,-3.1208933159999988,0.4155650000000002
58,59,ILE,-0.08471500000000003,0.7146650000000002,-0.4615050000000002,0.0,0.16844499999999946,-0.046769999999999985,0.21523000000000067
59,60,HID,-1.3380100000000001,-13.160135000000007,5.089195000000001,-0.11100686400000001,-9.519956864000005,-9.283206899999998,-0.2366149999999999
60,61,GLY,-0.014929999999999983,0.5575450000000003,-0.589665,0.0,-0.04704999999999924,-0.008420000000000025,-0.03843499999999961
61,62,PRO,-0.009180000000000094,0.577235,-0.5856900000000003,0.0,-0.0176350000000002,0.028314999999999806,-0.04583499999999944
62,63,SER,-0.002120000000000055,-0.38791500000000007,0.3917549999999999,0.0,0.0017199999999994574,0.009605000000000048,-0.007859999999999057
63,64,GLN,-0.0009500000000000242,-0.15788499999999978,0.16202499999999997,0.0,0.003190000000000026,0.0035000000000001206,-0.0003099999999999148
64,65,ASP,-0.0019249999999999994,-34.04759500000001,33.96612499999999,0.0,-0.0833950000000025,-0.06634499999999711,-0.01716000000000035
65,66,ASN,-0.008260000000000059,2.9600249999999977,-2.941675000000001,0.0,0.010089999999998617,0.004229999999999237,0.005795000000000292
66,67,PRO,-0.0033800000000000054,1.15051,-1.13563,0.0,0.011500000000000288,0.030874999999999878,-0.019339999999999656
67,68,VAL,-0.007454999999999951,1.6884700000000004,-1.6706800000000004,0.0,0.010335000000000287,0.004820000000000087,0.005594999999999874
68,69,PHE,-0.003199999999999985,0.8369150000000002,-0.8255850000000001,0.0,0.008130000000000219,-0.0008699999999998953,0.00893499999999947
69,70,GLN,-0.0010399999999999875,1.0457699999999996,-1.029349999999999,0.0,0.01537999999999954,0.008759999999999941,0.006565000000000225
70,71,LEU,-0.001070000000000042,1.070555000000001,-1.0590799999999998,0.0,0.01040500000000037,0.002699999999999951,0.0077300000000001924
71,72,ALA,-0.0008049999999999935,0.9448000000000004,-0.9361950000000004,0.0,0.007800000000000732,0.003329999999999991,0.0044300000000000095
72,73,ALA,-0.00035000000000000585,0.5799600000000003,-0.5757200000000002,0.0,0.003890000000000342,0.0019250000000000523,0.001889999999999379
73,74,GLU,-0.0003000000000000069,-23.080839999999988,23.048274999999993,0.0,-0.03286499999999961,-0.028165000000001824,-0.004729999999999759
74,75,PHE,-0.00043999999999998706,0.463955,-0.46085499999999996,0.0,0.002660000000000033,0.00023000000000009902,0.0024350000000003115
75,76,GLY,-0.00011000000000000121,0.3310200000000007,-0.3274900000000001,0.0,0.003420000000000716,-0.0013799999999998547,0.004720000000000074
76,77,LEU,-0.0008100000000000795,-0.23639499999999952,0.23596999999999999,0.0,-0.0012349999999996574,0.002125000000000037,-0.0033649999999995008
77,78,LEU,-0.0013500000000000866,0.92943,-0.9211250000000006,0.0,0.006955000000000284,0.0009700000000001264,0.006064999999999396
78,79,GLY,-0.0003099999999999792,-0.24815499999999965,0.247155,0.0,-0.0013100000000000466,-0.001979999999999993,0.0006200000000003758
79,80,GLU,-0.0002599999999999936,-24.392515,24.35371000000001,0.0,-0.039065000000000225,-0.029874999999999475,-0.009255000000000065
80,81,LYS,-0.0009900000000000087,31.80503999999999,-31.708879999999994,0.0,0.09517000000000038,0.07650499999999968,0.018625000000000023
81,82,GLU,-0.0019350000000000023,-34.838089999999994,34.74165499999998,0.0,-0.09836999999999954,-0.08464999999999961,-0.013740000000000111
82,83,LEU,-0.0005300000000000038,0.09433999999999983,-0.09239000000000001,0.0,0.0014199999999998725,0.0008149999999999769,0.0005999999999992456
83,84,SER,-0.00024499999999999744,-0.8715199999999999,0.866685,0.0,-0.005080000000000442,0.0019749999999999963,-0.007214999999999816
84,85,GLU,-0.0003249999999999981,-25.724565000000013,25.678865000000002,0.0,-0.04602500000000063,-0.032554999999999626,-0.013554999999999779
85,86,GLU,-0.0004549999999999904,-26.903465000000015,26.85401999999999,0.0,-0.049900000000000444,-0.0368950000000013,-0.012949999999999306
86,87,ASN,-0.0013750000000000194,-0.6051349999999992,0.6062399999999998,0.0,-0.0002699999999989444,0.009150000000000774,-0.009324999999999823
87,88,GLN,-0.0012899999999999824,-0.6100949999999996,0.61454,0.0,0.0031550000000001434,0.008035000000000353,-0.004840000000000752
88,89,LEU,-0.0009749999999999298,-0.4159399999999999,0.41748999999999997,0.0,0.0005750000000008893,2.4999999999932855e-05,0.0008049999999996138
89,90,VAL,-0.0030500000000000306,-0.5440800000000001,0.54308,0.0,-0.0040500000000005,0.0007600000000000717,-0.004810000000000065
90,91,ASP,-0.005994999999999973,-41.487985,41.36294000000001,0.0,-0.13104000000000104,-0.09395499999999984,-0.03699500000000018
91,92,THR,-0.02231500000000002,0.9727400000000006,-0.9224700000000002,0.0,0.02795500000000006,0.005799999999999872,0.02208000000000016
92,93,GLY,-0.015000000000000019,0.15248000000000006,-0.11729999999999988,0.0,0.020180000000000513,-0.010949999999999934,0.031074999999999818
93,94,GLY,-0.024600000000000007,-3.1832849999999966,3.2529249999999985,0.0,0.04503999999999966,-0.013060000000000049,0.05818999999999976
94,95,HIE,-0.05940500000000001,-4.054095000000001,4.133905,-0.0003825000000000001,0.020022499999999544,-0.04764499999999961,0.06758757200000001
95,96,VAL,-0.037980000000000035,-1.4056350000000004,1.467445,-4.5396000000000044e-05,0.023784603999999755,-0.004555000000000243,0.028469604000000235
96,97,ALA,-0.020039999999999995,0.4118749999999999,-0.41602999999999973,0.0,-0.024195000000000567,-0.002094999999999847,-0.02206999999999966
97,98,LEU,-0.013940000000000037,-0.44986,0.4771449999999999,0.0,0.01334499999999936,0.0167999999999998,-0.003310000000000315
98,99,PRO,-0.0018800000000000084,-0.9428200000000004,0.9343550000000004,0.0,-0.010345000000000031,0.020129999999999697,-0.030525000000000215
99,100,SER,-0.0013400000000000011,0.45760000000000056,-0.4546550000000002,0.0,0.0016050000000003316,-0.0010549999999999837,0.0026050000000000352
100,101,MET,-0.0007650000000000112,-0.8914400000000005,0.887395,0.0,-0.004809999999999554,0.0010899999999999643,-0.0056699999999992624
101,102,ILE,-0.000935000000000028,0.6682500000000005,-0.6610049999999998,0.0,0.006310000000000182,0.0021750000000002336,0.004034999999999658
102,103,TRP,-0.00047999999999998266,-0.544765,0.5411500000000002,0.0,-0.0040949999999999554,0.0005400000000000294,-0.004595000000000136
103,104,SER,-0.00020500000000000184,0.39332000000000034,-0.3904150000000001,0.0,0.0027000000000005652,0.0019099999999999848,0.000830000000000064
104,105,SER,-0.00013499999999999623,0.27917999999999993,-0.27863000000000004,0.0,0.00041499999999986133,-6.500000000001338e-05,0.0004399999999990634
105,106,SER,-2.9999999999996697e-05,0.4489,-0.44711000000000056,0.0,0.001759999999999856,0.0009850000000000473,0.0007800000000001828
106,107,GLY,-4.9999999999996716e-05,0.5223899999999992,-0.5197549999999996,0.0,0.002584999999999281,-0.0008450000000000557,0.00339499999999997
107,108,THR,-9.500000000000064e-05,-0.4011649999999999,0.39911999999999986,0.0,-0.002140000000000244,0.0004600000000000204,-0.0026000000000002354
108,109,SER,-8.999999999999898e-05,0.38930999999999977,-0.38671999999999984,0.0,0.0024999999999996848,0.0009349999999999778,0.0016550000000006859
109,110,VAL,-0.00029000000000001247,-0.010259999999999714,0.012670000000000023,0.0,0.002120000000000151,0.0024500000000000468,-0.0003099999999999881
110,111,SER,-0.00020500000000001517,-0.9739299999999993,0.9686999999999997,0.0,-0.0054349999999999945,-0.0005100000000000021,-0.004990000000000135
111,112,LEU,-0.0006849999999999928,-0.725135,0.7214000000000006,0.0,-0.004419999999999927,0.0012600000000000788,-0.00555999999999941
112,113,GLU,-0.0002750000000000052,-26.453300000000002,26.40414500000002,0.0,-0.04943000000000119,-0.03600500000000039,-0.013415000000000106
113,114,LEU,-0.000495000000000001,-0.5970100000000002,0.5961449999999997,0.0,-0.0013600000000005097,0.001135000000000015,-0.0024649999999993666
114,115,MET,-0.0017150000000000353,-0.4459299999999993,0.446045,0.0,-0.0016000000000003045,0.004314999999999895,-0.005769999999999198
115,116,THR,-0.0011750000000000061,-1.34608,1.341065000000001,0.0,-0.006190000000000211,0.0008949999999999037,-0.007065000000000086
116,117,GLU,-0.000835000000000028,-29.776705000000014,29.710595000000012,0.0,-0.06694500000000041,-0.04855499999999996,-0.018299999999999768
117,118,MET,-0.0018050000000000566,-0.7709600000000006,0.7710600000000002,0.0,-0.0017050000000004663,0.0016950000000000376,-0.00336500000000016
118,119,ALA,-0.003990000000000009,-1.2336549999999997,1.2268650000000005,0.0,-0.010779999999999665,0.004055000000000018,-0.01493999999999931
119,120,ARG,-0.0032499999999999994,30.887889999999988,-30.802054999999996,0.0,0.08258500000000212,0.04814999999999983,0.034520000000000745
120,121,LEU,-0.0030999999999999695,-0.8941349999999999,0.8945999999999998,0.0,-0.002635000000000165,0.00033999999999986043,-0.002984999999998721
121,122,PHE,-0.04220499999999987,-0.42756500000000064,0.4420900000000001,0.0,-0.027680000000000978,-0.05316499999999991,0.02544499999999997
122,123,TYR,-0.14399500000000004,0.5904899999999994,-0.5442099999999999,-0.011082996000000005,-0.10879799600000087,-0.09697824800000003,-0.01172500000000027
123,124,GLY,-0.007000000000000002,-0.8133699999999999,0.8115750000000006,0.0,-0.008794999999999503,-0.007820000000000093,-0.000944999999999194
124,125,LEU,-0.016154999999999954,-0.025785000000000197,0.114065,0.0,0.07212499999999991,-0.0072800000000001995,0.07946999999999955
125,126,ILE,-0.762325,0.49050499999999997,-0.15419,-0.10503147599999997,-0.531041476,-0.7404030440000003,0.20929142399999992
126,127,GLU,-0.06326499999999995,-52.730815,52.41484500000002,-0.0017261639999999994,-0.3809611640000001,-0.16248396400000073,-0.2184872000000005
127,128,ARG,-0.012894999999999964,35.80172000000001,-35.66004499999998,0.0,0.12877999999999942,0.04838499999999982,0.0804450000000012
128,129,THR,-0.0983999999999999,0.2739699999999999,-0.31092000000000003,-0.003961367999999999,-0.13931136800000024,-0.20597633200000018,0.06657499999999976
129,130,ARG,-0.08689500000000006,52.85615499999998,-52.502384999999975,-0.012520763999999993,0.25435423599999907,0.1864925399999977,0.06786176800000021
130,131,GLU,-0.004715000000000018,-33.258655000000005,33.177575000000026,0.0,-0.08579500000000082,-0.0680450000000014,-0.01786500000000011
131,132,PHE,-0.006485000000000021,0.9739999999999996,-0.9555950000000002,0.0,0.01191999999999904,-0.00015499999999997184,0.012020000000001538
132,133,LEU,-0.013700000000000085,1.476395000000001,-1.4426250000000003,0.0,0.02007000000000021,-0.00426000000000015,0.024214999999998557
133,134,ASN,-0.0025000000000000157,0.5779900000000001,-0.5594449999999997,0.0,0.016045000000000018,0.004919999999999156,0.01115999999999929
134,135,GLU,-0.0011600000000000121,-27.775530000000007,27.725279999999984,0.0,-0.05140999999999963,-0.04627999999999943,-0.005114999999999838
135,136,SER,-0.000965000000000007,-0.40833000000000014,0.4139399999999999,0.0,0.0046449999999999105,0.004325000000000008,0.00018500000000037486
136,137,GLU,-0.0013350000000000323,-30.091179999999987,30.02065000000001,0.0,-0.0718650000000001,-0.05753500000000052,-0.014490000000000544
137,138,THR,-0.0004499999999999893,0.004780000000000122,-0.0007649999999999779,0.0,0.003565000000000125,0.002624999999999975,0.0008599999999997321
138,139,PRO,-0.0008150000000000123,-0.23752000000000004,0.23960999999999963,0.0,0.0012750000000004036,0.013164999999999951,-0.011875000000000071
139,140,MET,-0.0011899999999999866,-0.10924999999999965,0.11455500000000005,0.0,0.004114999999999478,0.0008550000000000813,0.0032100000000003124
140,141,ALA,-0.0017099999999999871,-0.8499900000000005,0.8436549999999997,0.0,-0.008044999999999998,0.002904999999999891,-0.010884999999999843
141,142,SER,-0.0042150000000000755,0.7810100000000003,-0.7814749999999995,0.0,-0.00468000000000066,-0.0014999999999999946,-0.0031500000000010044
142,143,VAL,-0.055115,1.6907549999999998,-1.589999999999999,0.0,0.045639999999999646,0.03502999999999994,0.010620000000000669
143,144,GLY,-0.003739999999999977,0.23315999999999967,-0.22951500000000002,0.0,-9.500000000089547e-05,-0.005770000000000015,0.0056300000000003795
144,145,GLU,-0.0019549999999999824,-30.458690000000004,30.392184999999998,0.0,-0.0684600000000009,-0.05490999999999882,-0.013529999999999749
145,146,PHE,-0.008935000000000084,1.4660649999999997,-1.45127,0.0,0.00585999999999897,-0.0028750000000000984,0.008659999999999009
146,147,LEU,-0.016940000000000018,1.4890499999999995,-1.45411,0.0,0.01800000000000049,0.01399499999999966,0.004059999999998521
147,148,LYS,-0.0019099999999999406,34.37304499999998,-34.252595,0.0,0.11854000000000191,0.08647500000000047,0.031995000000001
148,149,LYS,-0.000940000000000043,28.662295000000007,-28.589149999999975,0.0,0.07220499999999913,0.044344999999999836,0.02779500000000052
149,150,GLU,-0.0019050000000000455,-31.36318000000001,31.288579999999982,0.0,-0.07650500000000054,-0.06996500000000079,-0.006585000000000756
150,151,ILE,-0.0019799999999998773,0.8050000000000006,-0.7969599999999999,0.0,0.006060000000000787,0.0018999999999999306,0.004004999999999656
151,152,SER,-0.0003350000000000009,0.7626550000000001,-0.756915,0.0,0.005404999999999508,0.004104999999999931,0.0012900000000002222
152,153,GLN,-0.00039500000000000315,0.5418949999999992,-0.5359000000000003,0.0,0.005599999999998992,0.002094999999999274,0.0035499999999996004
153,154,GLN,-0.0005800000000000205,1.2117899999999997,-1.1989549999999995,0.0,0.01225500000000011,0.008699999999999512,0.0036100000000002376
154,155,VAL,-0.0002549999999999697,0.4889100000000003,-0.4859900000000002,0.0,0.002665000000000215,0.0010600000000000587,0.0015999999999997438
155,156,ALA,-0.00012500000000001732,0.45362500000000033,-0.4515599999999998,0.0,0.0019400000000000927,0.0010199999999999853,0.0010699999999998378
156,157,SER,-8.499999999999952e-05,0.5286449999999998,-0.5256149999999999,0.0,0.0029449999999998267,0.0017950000000000249,0.0011900000000000643
157,158,TRP,-0.0004000000000000359,0.3405350000000002,-0.33941499999999997,0.0,0.0007199999999999162,-7.000000000023654e-05,0.0007250000000003537
158,159,THR,-5.500000000000283e-05,0.09257500000000007,-0.09231500000000001,0.0,0.0002050000000001351,-0.00015500000000021608,0.0003600000000002268
159,160,GLU,-2.9999999999998917e-05,-18.021569999999983,18.007370000000005,0.0,-0.014229999999998029,-0.012034999999999343,-0.0021300000000001517
160,161,ASP,-6.0000000000000056e-05,-21.760045,21.732299999999988,0.0,-0.027804999999997762,-0.0247549999999994,-0.0029549999999998445
161,162,ASP,-6.000000000000672e-05,-20.192370000000004,20.17100499999999,0.0,-0.021424999999999982,-0.015809999999999283,-0.005519999999999694
162,163,GLU,-4.0000000000004476e-05,-21.02053500000001,20.996004999999986,0.0,-0.024570000000000293,-0.01922500000000035,-0.00552000000000044
163,164,ASP,-6.499999999999062e-05,-20.49997500000001,20.477250000000005,0.0,-0.02278999999999975,-0.015825000000001914,-0.0068399999999992625
164,165,THR,-0.00011499999999999622,-0.6179449999999993,0.61531,0.0,-0.0027499999999993953,0.00024000000000003573,-0.0029849999999997157
165,166,ARG,-0.00021499999999996077,20.296035000000003,-20.274945000000006,0.0,0.02087499999999892,0.014889999999996491,0.006035000000000323
166,167,LYS,-0.00022500000000001298,20.782974999999997,-20.76021,0.0,0.022539999999999595,0.01596000000000135,0.006674999999999827
167,168,ARG,-0.0002900000000000169,23.26993499999999,-23.234565000000003,0.0,0.03508000000000209,0.025424999999997908,0.00977500000000008
168,169,LYS,-0.0004249999999999909,24.36432,-24.32319999999999,0.0,0.04069499999999941,0.028355000000000102,0.012420000000000098
169,170,LEU,-0.0005799999999999539,-1.1681100000000006,1.161015,0.0,-0.0076750000000003205,0.0004950000000000609,-0.008319999999999453
170,171,ALA,-0.00046500000000006204,-1.0521850000000013,1.0481050000000003,0.0,-0.004545000000000665,0.0021750000000000003,-0.0068199999999993335
171,172,ILE,-0.0013799999999999724,-1.3744799999999997,1.36762,0.0,-0.008240000000000396,0.0006449999999999912,-0.008964999999999747
172,173,LEU,-0.0029249999999999866,-1.7930350000000004,1.7824449999999996,0.0,-0.013515000000000476,0.0006200000000001671,-0.014219999999999757
173,174,ASN,-0.002594999999999992,-1.8249099999999996,1.8175250000000007,0.0,-0.00997999999999955,0.00608999999999952,-0.015950000000000106
174,175,THR,-0.004385000000000043,-1.372140000000001,1.3589700000000005,0.0,-0.01755500000000004,0.007109999999999732,-0.02462500000000009
175,176,PHE,-0.017874999999999995,-2.929299999999999,2.904285000000001,0.0,-0.042890000000000456,-0.01738500000000009,-0.025359999999999338
176,177,PHE,-0.023789999999999995,-3.081609999999998,3.049524999999999,0.0,-0.05587499999999968,-0.0205800000000001,-0.0351850000000002
177,178,ASN,-0.014315000000000109,-3.220730000000001,3.2222349999999977,0.0,-0.012810000000000273,0.001240000000001622,-0.01414500000000028
178,179,ILE,-0.0755,-3.1146599999999993,3.1713299999999993,0.0,-0.018830000000000555,-0.030609999999999964,0.011754999999998907
179,180,GLU,-0.9273250000000003,-132.34012999999996,124.613955,-0.15009138,-8.803591380000002,-8.421695199999995,-0.3817362880000005
180,181,CYS,-0.0885649999999999,-2.6931200000000017,2.641369999999999,0.0,-0.14031499999999975,-0.00513999999999988,-0.13512499999999913
181,182,CYS,-0.19163499999999986,-1.6780550000000005,2.409245000000001,-0.0013078079999999995,0.5382471920000005,-0.08409441599999991,0.62235168
182,183,VAL,-2.3462800000000015,-9.28071,7.990074999999999,-0.2536812,-3.8905961999999987,-1.028262512,-2.8623343
183,184,SER,-1.4278600000000006,-5.595225,1.818774999999999,-0.06874444799999999,-5.273054448,-4.4235492920000015,-0.8495154440000005
184,185,GLY,-0.11987000000000002,1.8181250000000013,-1.9629949999999985,0.0,-0.2647400000000002,-0.05861500000000003,-0.20607000000000053
185,186,THR,-0.04551000000000008,0.30811499999999936,-0.28663000000000005,0.0,-0.02402500000000054,0.0035550000000001613,-0.02752499999999996
186,187,HIE,-0.006760000000000037,-1.36885,1.3458749999999997,0.0,-0.02973499999999931,-0.04664999999999982,0.01690499999999924
187,188,SER,-0.007689999999999992,-0.2090950000000004,0.22215999999999997,0.0,0.005374999999999435,-0.009269999999999964,0.014550000000000405
188,189,MET,-0.09569999999999997,-1.2468100000000006,1.2121699999999997,-1.9115999999999995e-05,-0.13035911600000039,-0.13411908000000003,0.003850000000000584
189,190,ASP,-0.00414000000000005,-35.99394999999999,35.88171000000003,0.0,-0.11637999999999941,-0.08604500000000005,-0.03023499999999947
190,191,LEU,-0.0066849999999999766,0.6620549999999997,-0.6508449999999999,0.0,0.004524999999998922,0.002714999999999976,0.0018599999999993754
191,192,VAL,-0.060205000000000106,1.811329999999999,-1.697579999999998,-4.788000000000014e-06,0.05354021199999942,0.02180021199999993,0.03171999999999952
192,193,ALA,-0.015689999999999996,-3.1232699999999993,3.1356850000000014,0.0,-0.0032749999999996883,0.003654999999999995,-0.006950000000000032
193,194,LEU,-0.02340999999999993,-3.107614999999998,3.1208450000000014,0.0,-0.010180000000000062,-0.009735000000000084,-0.0003549999999996834
194,195,ALA,-0.012720000000000033,-1.719365,1.7301349999999998,0.0,-0.0019499999999999852,0.0027299999999998415,-0.004620000000000064
195,196,PRO,-0.05747999999999991,-2.4843849999999996,2.63492,0.0,0.093055000000001,0.03262000000000021,0.06035999999999991
196,197,PHE,-2.4697699999999996,-9.629074999999998,7.105840000000003,-0.14586912,-5.1388741200000005,-4.664521744000001,-0.47427280800000104
197,198,GLY,-0.20938000000000007,-0.9586050000000008,0.8293849999999998,-0.016990847999999992,-0.35559084800000085,-0.09584586400000011,-0.25975494800000015
198,199,GLU,-0.07714000000000003,-44.369155,44.163364999999985,0.0,-0.2829300000000018,-0.14947999999999959,-0.13341500000000014
199,200,TYR,-2.8829750000000014,-1.7320300000000006,0.8193550000000002,-0.32768568000000003,-4.123335679999999,-4.272497696000001,0.14898205199999967
200,201,THR,-0.10756000000000004,-1.4064299999999992,1.5401349999999996,0.0,0.026145000000000484,0.004780000000000091,0.02128500000000062
201,202,VAL,-0.16954999999999995,2.070190000000001,-2.0591299999999997,-0.021059352000000003,-0.1795493520000001,-0.13750920800000027,-0.04219000000000019
202,203,LEU,-0.02472,-1.8230650000000008,1.8275450000000004,0.0,-0.020240000000000466,-0.008329999999999954,-0.011984999999999793
203,204,PRO,-0.006074999999999986,-1.2802499999999997,1.2694899999999998,0.0,-0.0168349999999999,0.029089999999999616,-0.046039999999999866
204,205,GLY,-0.004135000000000015,-2.4680749999999994,2.4617599999999986,0.0,-0.010449999999999706,-0.0055100000000000175,-0.004979999999999938
205,206,LEU,-0.008690000000000041,0.7721849999999999,-0.7698950000000007,0.0,-0.0063999999999997835,-0.0028649999999999687,-0.003414999999999677
206,207,ASP,-0.08881499999999995,-68.07035499999998,68.25142500000004,0.0,0.09225500000000018,0.0722750000000002,0.020059999999999415
207,208,CYS,-0.023930000000000114,-2.2627049999999986,2.294269999999999,0.0,0.007635000000000058,0.007715000000000036,-0.0001599999999993882
208,209,ILE,-0.016110000000000065,0.20074499999999953,-0.20595499999999997,0.0,-0.021320000000000876,-0.006979999999999853,-0.014350000000000562
209,210,LEU,-0.005174999999999992,-0.02673499999999997,0.03372500000000007,0.0,0.001815000000000042,0.0016100000000000203,0.00018500000000052543
210,211,ALA,-0.0008250000000000024,0.10001000000000054,-0.09586999999999998,0.0,0.0033150000000002145,0.002109999999999941,0.0012100000000000533
211,212,GLY,-0.0003599999999999937,0.25923999999999986,-0.2543549999999999,0.0,0.0045249999999998815,-0.002234999999999985,0.006565000000000335
212,213,GLY,-0.0008400000000000096,0.9600550000000001,-0.946595,0.0,0.012619999999999697,-0.0030499999999999907,0.015735000000000065
213,214,TYR,-0.018455000000000013,1.4182600000000003,-1.3965700000000008,0.0,0.0032350000000004498,-0.0008649999999999047,0.004090000000000572
214,215,GLN,-0.0009700000000000641,-0.3533999999999998,0.3542999999999998,0.0,-6.999999999980133e-05,0.0006450000000004152,-0.0007399999999996453
215,216,GLY,-0.0002549999999999941,0.56828,-0.5626450000000003,0.0,0.0053799999999996516,-0.0019500000000000095,0.007269999999999524
216,217,LEU,-0.0020949999999999845,1.0758500000000004,-1.063905,0.0,0.009849999999999552,0.002569999999999928,0.007265000000000518
217,218,THR,-0.000855000000000019,0.20719499999999996,-0.20343499999999998,0.0,0.0029049999999996336,-0.0007749999999998458,0.0035599999999996568
218,219,ASP,-0.00030500000000003745,-23.877670000000013,23.839565000000007,0.0,-0.03841000000000008,-0.030405000000000796,-0.007979999999999963
219,220,ARG,-0.00028000000000001803,23.617440000000002,-23.57777,0.0,0.03938999999999936,0.022450000000000758,0.016869999999999656
220,221,ILE,-0.0005700000000000438,0.73917,-0.7327749999999997,0.0,0.005824999999999873,0.0018150000000000687,0.0039050000000006514
221,222,LEU,-0.00025499999999997855,0.42749500000000046,-0.4254699999999999,0.0,0.0017700000000002959,0.0011749999999999183,0.0006699999999994621
222,223,ALA,-5.0000000000007815e-05,0.43305500000000036,-0.43112,0.0,0.00188500000000019,0.0009149999999999836,0.0008999999999998787
223,224,SER,-8.999999999999898e-05,0.4899049999999996,-0.48729,0.0,0.002524999999999934,0.00135999999999998,0.0011550000000002324
224,225,LEU,-0.00013000000000002566,0.19795000000000001,-0.19644000000000006,0.0,0.001379999999999939,0.0014950000000000351,-0.00011000000000010334
225,226,PRO,-4.500000000001059e-05,-0.45377500000000004,0.45201000000000013,0.0,-0.0018100000000003114,0.0034649999999999802,-0.005289999999999946
226,227,LYS,-5.5000000000005043e-05,17.00465999999999,-16.992924999999996,0.0,0.011679999999999406,0.007910000000000004,0.00377999999999993
227,228,ASP,-4.999999999999727e-05,-17.533770000000004,17.520905,0.0,-0.01291499999999985,-0.010519999999999535,-0.0024849999999999373
228,229,THR,-5.5000000000005043e-05,0.14206499999999994,-0.14123999999999998,0.0,0.0007699999999997687,0.0008000000000000496,-4.999999999964477e-05
229,230,VAL,-8.999999999999009e-05,0.3857950000000004,-0.3836899999999999,0.0,0.0020150000000001113,0.0010050000000000226,0.0010200000000001686
230,231,ALA,-6.000000000000227e-05,-0.27216999999999997,0.27111500000000005,0.0,-0.0011150000000000615,0.0006949999999999878,-0.0018050000000009757
231,232,PHE,-0.0001249999999999929,0.501265,-0.4990250000000004,0.0,0.0021150000000000934,0.00039000000000003696,0.0015450000000004182
232,233,ASP,-5.000000000000338e-05,-19.803870000000014,19.783610000000014,0.0,-0.02030999999999935,-0.017970000000001464,-0.002490000000000201
233,234,LYS,-4.499999999999283e-05,18.009055000000007,-17.994415000000004,0.0,0.014595000000000656,0.009049999999999513,0.005435000000000194
234,235,PRO,-0.00011000000000002785,0.5257050000000001,-0.5234449999999997,0.0,0.002149999999999972,0.004539999999999944,-0.00234999999999971
235,236,VAL,-7.999999999998231e-05,-0.22725999999999988,0.22745499999999996,0.0,0.00011500000000014165,0.0013549999999999862,-0.0012500000000002331
236,237,LYS,-4.500000000001059e-05,18.162004999999997,-18.147739999999995,0.0,0.01421999999999958,0.010285000000000578,0.003914999999999598
237,238,THR,-4.5000000000001704e-05,0.32947500000000024,-0.32801500000000006,0.0,0.0014150000000004326,0.0006700000000000018,0.0007950000000000257
238,239,ILE,-0.00010999999999999232,0.03705000000000027,-0.03664999999999998,0.0,0.0002900000000000147,0.001025000000000027,-0.0006149999999992661
239,240,HIP,-3.999999999999559e-05,17.372999999999983,-17.360910000000004,0.0,0.012049999999999948,0.00922000000000061,0.002764999999999782
240,241,TRP,-8.500000000000619e-05,0.19463999999999929,-0.19427999999999998,0.0,0.0002749999999991415,-2.4999999999906208e-05,0.0003049999999996428
241,242,ASN,-4.000000000000004e-05,0.17470000000000036,-0.17427999999999993,0.0,0.0003800000000004644,0.00013500000000004063,0.00029499999999984985
242,243,GLY,0.0,-0.11947000000000002,0.1192700000000001,0.0,-0.00020000000000000017,-0.00019999999999999906,-4.999999999711902e-06
243,244,SER,-5.0000000000012254e-05,0.09144999999999996,-0.09129000000000001,0.0,0.00010999999999991239,9.999999999996539e-05,-5.4999999999787444e-05
244,245,PHE,-9.999999999994458e-06,0.0025600000000002153,-0.0025099999999999845,0.0,4.000000000039749e-05,0.00015999999999996906,-0.00017000000000020777
245,246,GLN,0.0,-0.10750500000000045,0.10726999999999999,0.0,-0.00023500000000037602,0.0002199999999999136,-0.0004199999999998982
246,247,GLU,0.0,-15.069210000000004,15.062350000000004,0.0,-0.006859999999999751,-0.006280000000000534,-0.0005350000000002276
247,248,ALA,-5.00000000000167e-06,0.16648000000000032,-0.16615999999999992,0.0,0.0003150000000002606,0.0001799999999999713,7.500000000020712e-05
248,249,ALA,-4.999999999999449e-06,-0.04439999999999941,0.04437500000000003,0.0,-2.9999999999446024e-05,0.00015999999999993797,-0.0001600000000004842
249,250,PHE,-4.999999999997229e-06,-0.15832999999999992,0.15816999999999995,0.0,-0.00016499999999997073,4.000000000014659e-05,-0.00031500000000017625
250,251,PRO,-9.999999999998898e-06,0.06432500000000005,-0.06417000000000002,0.0,0.00014500000000011503,0.0006199999999998607,-0.0005150000000002386
251,252,GLY,0.0,0.14725499999999955,-0.14700500000000008,0.0,0.0002499999999994962,-3.499999999998949e-05,0.0003649999999999043
252,253,GLU,-4.999999999997229e-06,-14.052590000000002,14.047574999999997,0.0,-0.005020000000001055,-0.004099999999999823,-0.0009000000000001229
253,254,THR,-5.00000000000167e-06,-0.0006549999999996459,0.0006200000000000294,0.0,-3.99999999996048e-05,3.5000000000060536e-05,-0.00015500000000006286
254,255,PHE,0.0,0.1470549999999996,-0.14672500000000008,0.0,0.0003299999999997194,0.0001499999999999524,0.0002800000000006042
255,256,PRO,-1.000000000000334e-05,0.015110000000000312,-0.015060000000000013,0.0,4.000000000040416e-05,0.0018800000000001305,-0.0018949999999998202
256,257,VAL,-4.499999999998394e-05,0.2459749999999997,-0.2449900000000001,0.0,0.0009399999999996877,0.0005500000000000193,0.0003800000000000692
257,258,LEU,-1.4999999999991686e-05,-0.12209499999999948,0.12190499999999999,0.0,-0.0002049999999994645,0.00010999999999993015,-0.0002399999999994601
258,259,VAL,-4.000000000000004e-05,0.3330000000000005,-0.33165500000000003,0.0,0.001305000000000458,0.0006199999999999351,0.0007000000000001605
259,260,GLU,-3.500000000000281e-05,-17.486830000000005,17.474064999999996,0.0,-0.01279999999999891,-0.009135000000000133,-0.0037650000000001337
260,261,CYS,-4.0000000000008914e-05,0.19542500000000046,-0.19471500000000003,0.0,0.0006700000000004219,-0.0002900000000000524,0.0008949999999996422
261,262,GLU,-3.999999999998893e-05,-19.316919999999985,19.298420000000007,0.0,-0.018540000000000917,-0.016850000000000413,-0.0016899999999999426
262,263,ASP,-1.5000000000002789e-05,-17.27928,17.267124999999997,0.0,-0.012169999999999064,-0.010590000000000188,-0.0016449999999996123
263,264,GLY,-4.999999999999449e-06,0.22129499999999894,-0.22063000000000002,0.0,0.0006599999999988903,-0.0002699999999999758,0.0007549999999996925
264,265,ALA,-2.0000000000002238e-05,-0.20211499999999993,0.20158500000000001,0.0,-0.0005499999999999705,0.0003349999999999831,-0.0008650000000000491
265,266,ARG,-2.0000000000002238e-05,15.952084999999993,-15.943339999999994,0.0,0.008725000000000876,0.00561999999999955,0.0030399999999993275
266,267,LEU,-3.4999999999998364e-05,-0.1532650000000006,0.15293999999999996,0.0,-0.00036000000000067033,0.0004650000000000376,-0.0008999999999999364
267,268,PRO,-1.500000000000945e-05,-0.13184500000000013,0.13153000000000004,0.0,-0.0003300000000000125,0.0015750000000003973,-0.0019649999999998436
268,269,ALA,-1.4999999999991686e-05,0.1463249999999998,-0.14581499999999997,0.0,0.0004949999999998303,0.0006449999999999889,-1.0000000000198738e-05
269,270,HIE,-4.000000000001336e-05,-0.3005199999999993,0.29993499999999995,0.0,-0.000624999999999365,-0.0010099999999999864,0.00046499999999963823
270,271,HID,-8.500000000000619e-05,0.48480000000000056,-0.48244500000000023,0.0,0.0022700000000003893,0.0013600000000000279,0.000849999999999539
271,272,VAL,-0.00011500000000000732,-0.02228499999999979,0.02447000000000001,0.0,0.002070000000000286,0.000829999999999852,0.001189999999999977
272,273,ILE,-0.00032000000000003136,0.33526499999999976,-0.32921,0.0,0.005734999999999515,0.0012950000000000017,0.004529999999999768
273,274,VAL,-0.00035499999999999865,-0.41588499999999984,0.41855499999999984,0.0,0.00231500000000036,0.0023800000000001277,-0.0001300000000000745
274,275,THR,-0.0010399999999998633,0.52286,-0.5032550000000002,0.0,0.018565000000000376,-0.0010150000000001035,0.019565000000000356
275,276,VAL,-0.001830000000000016,-1.1142050000000001,1.1172100000000007,0.0,0.001175000000000192,0.0034600000000000863,-0.0022150000000001756
276,277,PRO,-0.001909999999999963,1.0171050000000001,-0.997505,0.0,0.017690000000000195,0.01958000000000018,-0.001945000000000139
277,278,LEU,-0.0029699999999999484,1.3979049999999988,-1.374300000000001,0.0,0.020634999999999796,0.0033400000000001605,0.01734500000000044
278,279,GLY,-0.000759999999999994,0.9953649999999996,-0.9853749999999997,0.0,0.00923000000000054,-0.003704999999999967,0.012944999999999336
279,280,PHE,-0.0006650000000000222,0.6511049999999997,-0.644515,0.0,0.005924999999999243,-0.0006599999999999539,0.006594999999999629
280,281,LEU,-0.0005999999999999873,0.8845350000000012,-0.8738950000000001,0.0,0.01004000000000068,0.003159999999999894,0.0069149999999996116
281,282,LYS,-0.0010549999999999527,34.361354999999996,-34.241040000000005,0.0,0.1192600000000013,0.10007499999999958,0.019234999999999686
282,283,GLU,-0.0002750000000000208,-24.050770000000004,24.013270000000013,0.0,-0.037774999999998685,-0.032084999999999295,-0.00560999999999991
283,284,HIE,-0.0001750000000000229,0.8850199999999998,-0.8802049999999996,0.0,0.004640000000000262,0.0013200000000001388,0.0032699999999992345
284,285,GLN,-0.00022499999999996855,0.2465700000000006,-0.2442000000000002,0.0,0.002145000000000401,0.0015000000000003411,0.0008400000000004693
285,286,ASP,-7.999999999999563e-05,-21.184585000000006,21.159265000000005,0.0,-0.025399999999999565,-0.021555000000000605,-0.003905000000000278
286,287,THR,-3.500000000000281e-05,0.2671149999999998,-0.2659,0.0,0.001179999999999728,6.499999999996397e-05,0.0011399999999998453
287,288,PHE,-0.00020999999999997244,0.18721499999999885,-0.18679999999999994,0.0,0.00020499999999889633,-0.00035000000000006803,0.0005699999999998712
288,289,PHE,-0.00012000000000002231,0.07550999999999988,-0.07603499999999996,0.0,-0.0006450000000001932,-0.0001450000000000018,-0.0005099999999998284
289,290,GLU,-2.9999999999998917e-05,-17.217724999999998,17.205925,0.0,-0.011829999999998222,-0.009054999999999893,-0.002794999999999925
290,291,PRO,-1.5000000000000568e-05,-0.36757499999999976,0.3664200000000001,0.0,-0.0011700000000001687,0.0023599999999998024,-0.003595000000000379
291,292,PRO,-2.0000000000002238e-05,0.2575700000000002,-0.25645500000000004,0.0,0.001095000000000086,0.002830000000000208,-0.0018799999999999178
292,293,LEU,-0.00015000000000000568,0.42130500000000004,-0.41869499999999993,0.0,0.002460000000000082,0.0015700000000001225,0.0009500000000006281
293,294,PRO,-8.000000000001783e-05,-0.5320500000000004,0.5291749999999997,0.0,-0.002955000000000245,0.0048600000000004065,-0.007869999999999804
294,295,ALA,-2.4999999999999466e-05,-0.46140499999999995,0.4594449999999998,0.0,-0.0019850000000000544,0.0008149999999999347,-0.002789999999999826
295,296,LYS,-0.00028000000000002247,23.373499999999993,-23.33624000000001,0.0,0.03697999999999986,0.029334999999999986,0.007634999999999849
296,297,LYS,-0.0003750000000000053,26.573349999999984,-26.510364999999982,0.0,0.06261000000000089,0.05203999999999983,0.010495
297,298,ALA,-0.00015999999999997795,-0.569405,0.5665999999999998,0.0,-0.0029649999999999564,0.0011500000000000178,-0.00414999999999953
298,299,GLU,-0.00036500000000002866,-25.542905000000005,25.498199999999983,0.0,-0.04507000000000026,-0.03329500000000035,-0.011760000000000784
299,300,ALA,-0.0004950000000000499,-0.8171100000000002,0.8161600000000001,0.0,-0.0014449999999994916,0.002529999999999941,-0.0040350000000006015
300,301,ILE,-0.0007699999999999107,-0.9254149999999993,0.9218849999999987,0.0,-0.0042999999999993,0.0008499999999999685,-0.005144999999999942
301,302,LYS,-0.0005899999999999972,23.782935000000005,-23.744169999999983,0.0,0.03817499999999857,0.019049999999999158,0.019240000000000545
302,303,LYS,-0.0013150000000000306,28.677279999999993,-28.597324999999987,0.0,0.07863999999999916,0.04831999999999926,0.030540000000001514
303,304,LEU,-0.0045099999999999255,1.4119949999999994,-1.3859000000000001,0.0,0.02158500000000017,-0.000985000000000078,0.02254000000000036
304,305,GLY,-0.0039350000000000105,-0.32957500000000034,0.32994,0.0,-0.003570000000000174,-0.007090000000000021,0.0036450000000003715
305,306,PHE,-0.009670000000000005,1.2487300000000006,-1.2363550000000005,0.0,0.002705000000000164,-0.03208500000000004,0.034694999999999705
306,307,GLY,-0.006675000000000023,-0.4486799999999996,0.44945999999999975,0.0,-0.005894999999999627,-0.00955499999999993,0.003515000000000246
307,308,THR,-0.007205000000000124,-0.9270200000000002,0.9422600000000004,0.0,0.008034999999999721,0.0031050000000001797,0.005009999999999804
308,309,ASN,-0.045684999999999934,-0.3664299999999999,0.5322550000000001,0.0,0.12013999999999986,0.09408499999999975,0.02605499999999995
309,310,ASN,-0.005869999999999966,-1.515990000000001,1.5233400000000001,0.0,0.00148000000000021,0.001285000000000025,0.0002700000000006353
310,311,LYS,-0.01799000000000005,48.90530500000002,-48.54365999999998,0.0,0.34365500000000154,0.2858550000000004,0.05777999999999938
311,312,ILE,-0.0016949999999998821,-0.4662900000000005,0.4646299999999997,0.0,-0.0033550000000007853,0.0011699999999998977,-0.004570000000000702
312,313,PHE,-0.00234,0.4073749999999999,-0.4135500000000001,0.0,-0.008514999999999912,-0.00888000000000016,0.00021499999999999853
313,314,LEU,-0.00045000000000001706,-0.37320000000000064,0.3714399999999998,0.0,-0.002210000000000627,0.0022400000000000996,-0.004459999999999254
314,315,GLU,-0.00015500000000003843,-21.618444999999998,21.590470000000003,0.0,-0.028130000000000877,-0.021875000000000356,-0.00623500000000016
315,316,PHE,-0.00021499999999995188,-0.08857500000000045,0.08792000000000007,0.0,-0.0008700000000002018,0.00045999999999992716,-0.001375000000000055
316,317,GLU,-3.4999999999998364e-05,-18.62215999999999,18.605579999999996,0.0,-0.01661499999999897,-0.013015000000001215,-0.003609999999999867
317,318,GLU,-2.500000000000835e-05,-19.20672999999999,19.18854000000001,0.0,-0.018214999999999506,-0.013980000000000246,-0.004255000000000142
318,319,PRO,-0.00011499999999999178,0.41359999999999997,-0.4116549999999999,0.0,0.0018299999999997051,0.005034999999999972,-0.003170000000000179
319,320,PHE,-0.000229999999999988,0.17071500000000042,-0.16993499999999995,0.0,0.000550000000000348,0.00024000000000008016,0.00033999999999990483
320,321,TRP,-0.00044499999999994875,0.6155349999999997,-0.6125499999999999,0.0,0.0025399999999997204,-0.000619999999999905,0.0031350000000002166
321,322,GLU,-0.00016500000000000404,-23.749995000000002,23.713584999999984,0.0,-0.03657500000000084,-0.0266249999999998,-0.010174999999999948
322,323,PRO,-0.00010000000000000675,-0.5610950000000003,0.5586599999999998,0.0,-0.0025350000000001938,0.005429999999999975,-0.008134999999999781
323,324,ASP,-0.0002749999999999808,-25.758875000000003,25.71382000000001,0.0,-0.045330000000000654,-0.03299000000000014,-0.012444999999999899
324,325,CYS,-0.0006550000000000188,0.1903849999999999,-0.18649000000000007,0.0,0.003240000000000516,-0.004255000000000051,0.007519999999999472
325,326,GLN,-0.0026249999999999885,-0.39063500000000073,0.40097999999999984,0.0,0.00771999999999899,0.007210000000000001,0.00044999999999884244
326,327,PHE,-0.012599999999999998,0.2146749999999998,-0.2286850000000001,0.0,-0.02661000000000002,-0.032754999999999895,0.006195000000000237
327,328,ILE,-0.0015749999999999308,-0.8547650000000001,0.852735,0.0,-0.0036049999999997672,0.0009849999999999649,-0.00457500000000026
328,329,GLN,-0.00350000000000009,0.1273900000000002,-0.10568499999999992,0.0,0.018205000000000027,0.007199999999999882,0.010889999999999343
329,330,VAL,-0.001249999999999969,-0.9177949999999998,0.9195300000000001,0.0,0.0004850000000001864,0.0036300000000001695,-0.0031099999999998885
330,331,VAL,-0.0007250000000000157,0.4890250000000003,-0.48163000000000006,0.0,0.0066699999999997985,0.002044999999999959,0.0045900000000004
331,332,TRP,-0.0010400000000000897,0.49908499999999995,-0.49864499999999995,0.0,-0.0005999999999992345,0.0014900000000001156,-0.0020350000000009926
332,333,GLU,-0.0002399999999999758,-24.779964999999994,24.738295000000015,0.0,-0.04190999999999928,-0.03210000000000132,-0.009714999999999837
333,334,ASP,-0.0001449999999999818,-22.96353999999997,22.931415000000005,0.0,-0.03226999999999691,-0.02452499999999997,-0.007635000000000289
334,335,THR,-0.0005450000000000044,-0.0038949999999999107,0.007509999999999997,0.0,0.0030700000000001195,-0.003099999999999934,0.006305000000000397
335,336,SER,-0.0005400000000000027,-0.27121000000000006,0.27654999999999985,0.0,0.004800000000000244,-0.004790000000000036,0.009469999999999694
336,337,PRO,-0.001684999999999981,0.12172999999999988,-0.11782499999999997,0.0,0.0022199999999998445,0.02253999999999965,-0.020269999999999868
337,338,LEU,-0.0007000000000000295,0.005505000000000102,-0.004314999999999989,0.0,0.0004899999999999394,0.0012650000000000905,-0.0006749999999998146
338,339,GLN,-0.00046999999999999044,0.2719549999999996,-0.2662599999999999,0.0,0.0052249999999996535,0.002580000000000098,0.0025349999999999652
339,340,ASP,-0.001334999999999995,-34.864345,34.769915,0.0,-0.09576499999999896,-0.08373500000000092,-0.01208499999999919
340,341,THR,-0.0007550000000000057,0.19158000000000022,-0.18271500000000007,0.0,0.008110000000000096,0.002629999999999861,0.005419999999999725
341,342,ALA,-0.0009000000000000053,-0.09945000000000008,0.10356,0.0,0.0032099999999996463,0.0031499999999999462,-5.000000000088267e-05
342,343,LEU,-0.0005799999999999878,0.20642000000000002,-0.20468999999999987,0.0,0.001149999999999769,0.0007550000000000046,0.0005400000000000648
343,344,SER,-0.00037999999999995595,-0.7425800000000001,0.7413950000000002,0.0,-0.0015649999999996123,0.0026050000000000413,-0.004239999999999138
344,345,LEU,-0.0004949999999999855,0.4541999999999996,-0.4484499999999999,0.0,0.005254999999999954,0.0014899999999999913,0.0037100000000003085
345,346,GLN,-0.0006950000000000589,1.0948800000000003,-1.0802950000000004,0.0,0.013889999999999745,0.013260000000000183,0.0006800000000004625
346,347,ASP,-0.00016499999999999515,-24.003274999999988,23.96541499999999,0.0,-0.03802500000000045,-0.03093499999999942,-0.007019999999999751
347,348,THR,-0.0001649999999999907,-0.36805999999999955,0.36730000000000046,0.0,-0.0009249999999998159,0.0006150000000000144,-0.0014749999999995888
348,349,TRP,-0.0007400000000000339,-1.3121599999999993,1.3054300000000003,0.0,-0.007469999999999821,-0.006429999999999971,-0.0010900000000001635
349,350,PHE,-0.0005700000000000216,-0.8332949999999998,0.8315650000000002,0.0,-0.002300000000000262,-0.00027499999999997194,-0.001979999999999789
350,351,LYS,-0.0006600000000000384,25.394509999999983,-25.340580000000003,0.0,0.05327000000000016,0.02341500000000056,0.029769999999999932
351,352,LYS,-0.0035699999999999885,38.76718000000003,-38.557775,0.0,0.20583499999999824,0.16541999999999973,0.040505000000000846
352,353,LEU,-0.002529999999999988,0.5549350000000002,-0.51826,0.0,0.034145000000000536,0.004014999999999935,0.03022000000000001
353,354,ILE,-0.018050000000000052,1.1061799999999993,-1.0744749999999998,0.0,0.013654999999999551,-0.0036099999999998065,0.017149999999998913
354,355,GLY,-0.002170000000000003,-0.6600449999999999,0.6581900000000002,0.0,-0.004024999999999521,-0.0056350000000000185,0.0016150000000001153
355,356,PHE,-0.0026649999999998554,0.11038000000000003,-0.10354999999999999,0.0,0.004165000000000921,-0.004595000000000056,0.008770000000001034
356,357,LEU,-0.010830000000000006,1.0894749999999989,-1.0712949999999999,0.0,0.007349999999999348,0.005389999999999835,0.001964999999999717
357,358,VAL,-0.0015550000000000264,-0.9826750000000001,0.9769100000000005,0.0,-0.007319999999999913,0.00034999999999991705,-0.0074999999999999685
358,359,GLN,-0.0021449999999999703,-1.0353899999999994,1.0409700000000006,0.0,0.0034350000000002725,0.00045000000000001706,0.0030000000000002425
359,360,PRO,-0.0008550000000000013,0.07430500000000048,-0.07307999999999996,0.0,0.0003700000000004966,0.016305000000000156,-0.01578500000000023
360,361,SER,-0.00021000000000000795,0.09499500000000005,-0.09398000000000004,0.0,0.0008050000000001445,0.001815000000000003,-0.0008949999999995662
361,362,PHE,-0.0003000000000000125,-0.027805,0.02807999999999995,0.0,-2.4999999999888444e-05,0.0008050000000000423,-0.0007650000000000733
362,363,GLU,-7.500000000000006e-05,-19.907019999999985,19.885759999999994,0.0,-0.021335000000000832,-0.017410000000000706,-0.0038900000000004196
363,364,SER,-8.999999999999342e-05,-0.08978999999999986,0.08975000000000018,0.0,-0.00012999999999979472,0.0008999999999999875,-0.0009699999999998887
364,365,SER,-8.500000000000619e-05,-0.2732200000000006,0.2723749999999998,0.0,-0.0009300000000006581,0.0016200000000000166,-0.002709999999999544
365,366,HIE,-0.00024000000000003573,-0.17515500000000045,0.17573499999999992,0.0,0.00033999999999934083,-0.003320000000000132,0.0037799999999999796
366,367,VAL,-0.0004300000000000281,-0.19563999999999968,0.19667000000000012,0.0,0.0006000000000002314,0.0015150000000000196,-0.0010049999999998472
367,368,LEU,-0.0008799999999999919,0.5525400000000006,-0.5430350000000002,0.0,0.008625000000000584,0.0010150000000001568,0.007705000000000038
368,369,CYS,-0.0034550000000000036,-1.2391050000000008,1.23565,0.0,-0.0069100000000008426,-0.013559999999999928,0.006720000000000166
369,370,GLY,-0.001939999999999993,-0.17991000000000007,0.19361000000000012,0.0,0.011760000000000102,-0.004599999999999993,0.01638499999999942
370,371,PHE,-0.053509999999999946,1.2782349999999996,-1.304575,-0.00445194,-0.08430194000000078,-0.11924697600000007,0.03500000000000098
371,372,ILE,-0.006740000000000048,-0.46495499999999934,0.47898499999999994,0.0,0.007290000000001029,-0.0035099999999999376,0.01094500000000018
372,373,ALA,-0.00928999999999998,1.5853699999999995,-1.5467300000000006,0.0,0.029350000000001045,0.007540000000000011,0.02189000000000112
373,374,GLY,-0.0025200000000000122,0.40171000000000007,-0.3978750000000002,0.0,0.0013149999999997545,-0.00789499999999998,0.009049999999999784
374,375,LEU,-0.001424999999999983,0.36179500000000075,-0.35420000000000007,0.0,0.006170000000000844,0.0018100000000000139,0.004330000000000536
375,376,GLU,-0.0013849999999999963,-33.736855,33.632509999999996,0.0,-0.10573000000000114,-0.1011749999999995,-0.004485000000000064
376,377,SER,-0.002014999999999958,0.5503699999999999,-0.5469450000000002,0.0,0.0014100000000002299,-0.008620000000000004,0.010045000000000302
377,378,GLU,-0.0013100000000000245,-32.83313999999999,32.74596999999997,0.0,-0.08848000000000149,-0.07082999999999977,-0.017550000000000395
378,379,PHE,-0.0005050000000000398,0.5744149999999995,-0.5682799999999998,0.0,0.005629999999999194,0.000375000000000103,0.0053499999999997395
379,380,MET,-0.0007799999999999408,1.2903400000000003,-1.2770900000000007,0.0,0.012470000000000528,0.004940000000000128,0.007609999999999486
380,381,GLU,-0.0006249999999999378,-30.669124999999994,30.58495999999999,0.0,-0.08478999999999985,-0.07578000000000049,-0.009060000000000042
381,382,THR,-0.00014000000000000012,0.7125199999999998,-0.7087299999999996,0.0,0.0036499999999999844,0.0019649999999998835,0.0016050000000003162
382,383,LEU,-0.0002000000000000135,-0.13887499999999967,0.138815,0.0,-0.0002599999999994096,0.0014700000000000312,-0.0016250000000001142
383,384,SER,-8.999999999999453e-05,-0.4731949999999999,0.4712549999999998,0.0,-0.0020299999999999975,0.00031500000000003856,-0.00234999999999967
384,385,ASP,-0.00014000000000002677,-23.568010000000005,23.531885,0.0,-0.0362649999999989,-0.028980000000001702,-0.007215000000000131
385,386,GLU,-8.000000000000007e-05,-19.670140000000004,19.650155,0.0,-0.020065000000000735,-0.015235000000000127,-0.004770000000000234
386,387,GLU,-0.00011999999999998679,-20.789144999999994,20.765695000000004,0.0,-0.023569999999999994,-0.01884499999999953,-0.004600000000001136
387,388,VAL,-0.00018999999999997464,-0.08505000000000003,0.08661000000000005,0.0,0.00137000000000004,0.0018450000000000788,-0.00037500000000021875
388,389,LEU,-0.0001199999999999779,-0.34476000000000007,0.3431549999999999,0.0,-0.0017249999999999943,0.0003500000000000636,-0.0019550000000004026
389,390,LEU,-9.999999999998011e-05,-0.18438499999999997,0.18356999999999996,0.0,-0.0009149999999998059,0.00016500000000001957,-0.0010249999999998461
390,391,SER,-0.00014999999999998348,-0.01902500000000007,0.020215000000000066,0.0,0.0010399999999999195,0.0006849999999999737,0.0003400000000003445
391,392,LEU,-0.00045999999999995377,0.04633999999999979,-0.043924999999999985,0.0,0.0019550000000000357,0.0028899999999999395,-0.0009449999999999448
392,393,THR,-0.00013499999999999623,-0.09020999999999979,0.08989000000000001,0.0,-0.00045499999999965013,0.0006299999999999972,-0.001020000000000445
393,394,GLN,-0.00011000000000000121,0.0853100000000002,-0.084435,0.0,0.000765000000000704,0.0007400000000000163,2.5000000000121035e-05
394,395,VAL,-0.0003300000000000525,0.3345349999999999,-0.32972000000000007,0.0,0.004484999999999763,0.0025400000000000487,0.002059999999999938
395,396,LEU,-0.00028500000000000194,0.07363500000000016,-0.07253499999999997,0.0,0.0008150000000002811,0.0019249999999998702,-0.0011100000000000497
396,397,ARG,-7.500000000000284e-05,19.70682499999999,-19.687055,0.0,0.019695000000000108,0.01211000000000098,0.007435000000000365
397,398,ARG,-0.0001699999999999724,22.29788,-22.267235000000014,0.0,0.030474999999999284,0.0208100000000006,0.009699999999999633
398,399,VAL,-0.00021499999999997855,0.2840399999999994,-0.28059000000000006,0.0,0.0032349999999994683,0.002404999999999976,0.0009299999999992048
399,400,THR,-0.00011999999999999122,0.5120200000000004,-0.5100749999999996,0.0,0.0018250000000000633,0.0019049999999997257,2.5000000000190424e-05
400,401,GLY,-9.999999999998898e-06,0.31214999999999976,-0.31109,0.0,0.0010499999999998132,-0.00054499999999998,0.001624999999999973
401,402,ASN,-4.499999999999283e-05,0.12559999999999963,-0.12514999999999998,0.0,0.0004049999999999443,0.0014350000000012387,-0.0009399999999993769
402,403,PRO,-2.0000000000002238e-05,-0.114695,0.11427500000000002,0.0,-0.0004400000000000226,0.00268000000000014,-0.003009999999999975
403,404,GLN,-5.000000000000338e-05,-0.009669999999999063,0.009710000000000019,0.0,-9.999999999372732e-06,0.00012999999999998123,-7.999999999980467e-05
404,405,LEU,-0.00010499999999999065,0.27254999999999996,-0.271405,0.0,0.0010400000000001992,0.0009099999999998998,0.00023999999999979815
405,406,PRO,-4.5000000000001704e-05,-0.4866700000000001,0.48482500000000045,0.0,-0.001890000000000116,0.003570000000000153,-0.005365000000000073
406,407,ALA,-6.499999999999284e-05,0.13236499999999982,-0.13161,0.0,0.0006899999999996131,0.0006750000000000167,0.00012000000000001343
407,408,ALA,-4.999999999999893e-05,0.4370500000000003,-0.4350399999999999,0.0,0.001960000000000339,0.001129999999999991,0.0007699999999995554
408,409,LYS,-6.500000000000173e-05,19.618369999999995,-19.598060000000004,0.0,0.020245000000002317,0.0134200000000002,0.006875000000000127
409,410,SER,-0.00012500000000002177,-0.22204000000000015,0.22124500000000005,0.0,-0.000920000000000255,0.0007049999999999978,-0.0015300000000007107
410,411,VAL,-0.0002149999999999963,0.5481149999999996,-0.5428799999999998,0.0,0.0050199999999997824,0.0010699999999999378,0.003969999999999938
411,412,ARG,-0.0005749999999999788,24.684755,-24.638334999999998,0.0,0.04584500000000162,0.030514999999996774,0.015249999999999932
412,413,ARG,-0.000725000000000029,26.715770000000003,-26.651915,0.0,0.06313000000000372,0.02750000000000554,0.03552499999999994
413,414,SER,-0.0015549999999999887,0.041925000000000025,-0.04989499999999994,0.0,-0.009525000000000465,-0.016564999999999937,0.006884999999999919
414,415,GLN,-0.0008700000000000419,0.7111350000000003,-0.6977749999999996,0.0,0.01249000000000077,0.004415000000000404,0.008105000000000428
415,416,TRP,-0.006365000000000078,0.8287,-0.8329000000000002,0.0,-0.010564999999999632,-0.019604999999999862,0.0090449999999997
416,417,HIE,-0.0011900000000000422,0.34690499999999924,-0.3437399999999996,0.0,0.001974999999999132,-0.00047499999999988773,0.0024049999999999684
417,418,SER,-0.000264999999999983,0.9314049999999996,-0.9246800000000003,0.0,0.006460000000000264,0.0047049999999999575,0.0017499999999999183
418,419,ALA,-0.00047999999999998266,-0.32511000000000073,0.32457500000000017,0.0,-0.0010150000000006454,0.0023899999999999946,-0.003440000000000225
419,420,PRO,-0.0002649999999999775,-0.33894500000000016,0.3377700000000003,0.0,-0.0014400000000001345,0.007669999999999959,-0.009069999999999778
420,421,TYR,-0.0005699999999999861,-0.30781499999999945,0.30921000000000015,0.0,0.000825000000000764,0.0006850000000001688,0.0001550000000001095
421,422,THR,-0.001595000000000022,-0.17433000000000007,0.18679499999999993,0.0,0.010870000000000057,0.005635000000000021,0.005150000000000659
422,423,ARG,-0.0012149999999999173,26.334965000000008,-26.274734999999986,0.0,0.05901500000000268,0.022940000000000963,0.03576000000000018
423,424,GLY,-0.002404999999999997,0.9832049999999998,-0.9520200000000004,0.0,0.028779999999999962,-0.005720000000000007,0.034595000000000244
424,425,SER,-0.020869999999999948,0.8136649999999989,-0.73493,0.0,0.05786499999999891,-0.0011149999999999635,0.059060000000000404
425,426,TYR,-1.0157100000000001,-1.6052899999999988,0.13330000000000009,-0.049140216,-2.5368402160000008,-2.5923152159999985,0.05532500000000006
426,427,SER,-0.03954,-4.176494999999999,4.19887,0.0,-0.017165000000000107,-0.011070000000000057,-0.006014999999999746
427,428,TYR,-0.06497500000000002,2.1486899999999984,-2.1152599999999997,0.0,-0.031545000000000024,-0.05549999999999991,0.024069999999999047
428,429,VAL,-0.03740500000000009,-0.7311749999999995,0.7616649999999998,-4.788000000000001e-06,-0.00691978799999947,0.0025152120000000357,-0.009459999999999911
429,430,ALA,-0.00543500000000003,-0.14082499999999962,0.13909999999999992,0.0,-0.007159999999999493,0.0033599999999999785,-0.010359999999999217
430,431,VAL,-0.0031150000000000322,0.22289500000000012,-0.20939000000000024,0.0,0.010390000000000137,-0.0002449999999997965,0.010670000000000757
431,432,GLY,-0.0007900000000000063,0.615635,-0.60594,0.0,0.008904999999999743,-0.003170000000000006,0.011974999999999271
432,433,SER,-0.002679999999999958,-0.8441400000000001,0.8412750000000004,0.0,-0.005544999999999508,-0.008010000000000028,0.0023950000000003556
433,434,THR,-0.0030600000000000206,0.28163999999999983,-0.26397000000000004,0.0,0.014610000000000097,0.0032449999999997646,0.011239999999999908
434,435,GLY,-0.0026900000000000725,0.21756000000000014,-0.21108999999999994,0.0,0.0037800000000005073,-0.006524999999999952,0.01020000000000026
435,436,ASP,-0.0013199999999999967,-31.84657499999998,31.767360000000004,0.0,-0.08053499999999972,-0.06117500000000056,-0.019509999999999826
436,437,ASP,-0.001559999999999908,-32.116569999999996,32.03450000000001,0.0,-0.08363000000000075,-0.07191500000000058,-0.011710000000000154
437,438,LEU,-0.009594999999999887,1.0559299999999996,-1.038125,0.0,0.008209999999999794,0.0011599999999998677,0.0070700000000001924
438,439,ASP,-0.0013950000000000973,-34.67932000000001,34.58364499999998,0.0,-0.09706999999999902,-0.07849499999999927,-0.018484999999999766
439,440,LEU,-0.0006100000000000083,0.5357,-0.5264399999999998,0.0,0.00864999999999994,0.0012949999999998828,0.007519999999999052
440,441,MET,-0.0014000000000000056,1.517370000000001,-1.4953849999999997,0.0,0.02058500000000055,0.007619999999999947,0.01299500000000024
441,442,ALA,-0.000634999999999959,0.58426,-0.5786849999999997,0.0,0.00493999999999937,0.003115000000000072,0.00191499999999998
442,443,GLN,-0.0003649999999999842,-0.24906500000000015,0.2492100000000002,0.0,-0.00021999999999980702,0.002129999999999832,-0.0023899999999987464
443,444,PRO,-0.000160000000000009,-0.1001400000000001,0.09841000000000005,0.0,-0.0018900000000002049,0.007124999999999773,-0.009080000000000085
444,445,LEU,-9.499999999996068e-05,-0.1574300000000004,0.15703500000000004,0.0,-0.0004900000000002508,0.001050000000000102,-0.0014899999999997337
445,446,PRO,-4.999999999999783e-05,-0.12199500000000044,0.12136499999999989,0.0,-0.000680000000000307,0.003489999999999789,-0.004090000000000134
446,447,GLY,-3.499999999999615e-05,0.07998499999999989,-0.07960000000000003,0.0,0.0003499999999997661,-0.00039500000000000754,0.0008000000000006225
447,448,LEU,-6.0000000000028916e-05,0.12582499999999947,-0.12493500000000005,0.0,0.0008299999999993024,0.0004999999999997962,0.0003199999999999092
448,449,GLN,-5.00000000000167e-05,-0.010970000000000084,0.011359999999999988,0.0,0.00034000000000020234,0.0007649999999996381,-0.000339999999999292
449,450,VAL,-0.00012999999999996792,0.15077000000000013,-0.14713999999999997,0.0,0.0035000000000001384,0.0011250000000000238,0.002450000000000251
450,451,LEU,-0.00030499999999998193,0.2075249999999998,-0.20229000000000005,0.0,0.004929999999999961,0.0012249999999999605,0.0037850000000003987
451,452,PHE,-0.0006799999999999961,-0.037705000000000266,0.042785000000000045,0.0,0.004399999999999942,-0.002729999999999989,0.007160000000000072
452,453,ALA,-0.0009649999999999492,0.4496100000000004,-0.4368900000000002,0.0,0.01175499999999957,0.002834999999999985,0.008910000000000673
453,454,GLY,-0.0028850000000000178,0.8784250000000001,-0.868675,0.0,0.0068649999999992216,-0.006965000000000002,0.013995000000000615
454,455,GLU,-0.044110000000000066,-52.32892500000003,52.024984999999944,0.0,-0.3480499999999989,-0.3055449999999988,-0.042665000000000376
455,456,ALA,-0.005694999999999997,0.6538250000000003,-0.6336349999999998,0.0,0.014495000000000768,0.00309500000000005,0.011255000000000041
456,457,THR,-0.0036800000000000166,1.58661,-1.5705199999999992,0.0,0.012410000000000228,-0.009325000000000276,0.02161500000000007
457,458,HIE,-0.016380000000000033,-4.214619999999997,4.185674999999999,0.0,-0.045324999999999595,-0.046349999999999995,0.0009700000000001308
458,459,ARG,-0.015854999999999963,36.6005,-36.429435,0.0,0.15520999999999957,0.08466999999999829,0.07064500000000097
459,460,THR,-0.045280000000000015,-1.8424549999999993,1.9594100000000012,0.0,0.07167499999999992,7.50000000001716e-05,0.07160999999999997
460,461,PHE,-0.12237499999999997,-0.6580649999999997,0.8081100000000001,0.0,0.027669999999999563,-0.048614999999999936,0.0763550000000008
461,462,TYR,-0.7250899999999999,-9.522324999999995,9.491579999999999,-0.03787149599999999,-0.7937064959999998,-0.745698939999999,-0.048052519999999446
462,463,SER,-1.6912599999999998,-20.505995000000006,14.63870499999999,-0.066370788,-7.624920788000001,-3.863703920000002,-3.761336904000001
463,464,THR,-1.158805,5.010034999999997,-4.509960000000003,-0.016163856,-0.674893856,-0.29213385599999997,-0.38275999999999955
464,465,THR,-0.10607500000000002,1.2642150000000003,-1.4351550000000008,0.0,-0.27701499999999973,-0.012615000000000017,-0.26431000000000004
465,466,HIE,-0.093845,2.9032500000000003,-2.8714550000000014,-2.3904000000000007e-05,-0.06207390400000043,-0.03681390400000042,-0.025300000000000225
466,467,GLY,-0.014794999999999954,3.060844999999999,-3.0441449999999977,0.0,0.001904999999999878,-0.012985000000000009,0.014910000000000312
467,468,ALA,-0.009330000000000034,1.8037999999999998,-1.79043,0.0,0.0040400000000001745,0.005104999999999973,-0.0009949999999988273
468,469,LEU,-0.004525000000000024,1.4232500000000003,-1.4046650000000007,0.0,0.01405999999999958,-0.0010550000000001348,0.015115000000002416
469,470,LEU,-0.004860000000000055,1.745465,-1.7167299999999994,0.0,0.02387499999999993,0.0011599999999998855,0.022780000000000418
470,471,SER,-0.002125000000000039,1.6459150000000002,-1.6315649999999993,0.0,0.012225000000000178,-0.007184999999999961,0.019404999999999405
471,472,GLY,-0.0005250000000000244,0.9468099999999988,-0.9342249999999999,0.0,0.01205999999999912,-0.003460000000000032,0.015629999999999675
472,473,TRP,-0.0014000000000000323,0.5382100000000001,-0.5382249999999998,0.0,-0.001415000000000397,-0.009584999999999767,0.008109999999999824
473,474,ARG,-0.0016349999999999687,35.291034999999994,-35.146274999999974,0.0,0.143124999999999,0.11150500000000278,0.031705000000000164
474,475,GLU,-0.0005000000000000337,-28.105720000000016,28.039590000000008,0.0,-0.06662999999999979,-0.060080000000000064,-0.006575000000000486
475,476,ALA,-0.00016000000000001346,0.6525700000000002,-0.6490000000000005,0.0,0.003409999999999932,0.001534999999999982,0.0018300000000000538
476,477,ASP,-0.00021999999999998908,-24.838240000000013,24.797754999999984,0.0,-0.04070500000000024,-0.0357150000000016,-0.005019999999999917
477,478,ARG,-0.00028500000000001967,27.390765000000002,-27.32907,0.0,0.06141000000000119,0.04975499999999911,0.011675000000000076
478,479,LEU,-5.500000000001393e-05,0.4524299999999996,-0.4498099999999997,0.0,0.0025649999999996353,0.0013650000000000118,0.0012200000000000544
479,480,VAL,-6.499999999999062e-05,0.4913400000000003,-0.4892950000000001,0.0,0.0019800000000002437,0.000629999999999965,0.0012299999999993583
480,481,SER,-6.999999999999895e-05,0.4911450000000002,-0.4893600000000003,0.0,0.001715000000000102,0.001030000000000026,0.0007499999999999551
481,482,LEU,-7.500000000002061e-05,0.32497499999999946,-0.32376,0.0,0.0011399999999995147,0.00043499999999990215,0.0007049999999998913
482,483,TRP,-5.999999999994898e-05,0.2460599999999993,-0.2455349999999998,0.0,0.00046499999999945587,-0.0004150000000000809,0.000890000000000104
483,484,ASP,-2.0000000000002238e-05,-18.260305000000002,18.245525000000008,0.0,-0.014799999999998157,-0.013170000000000499,-0.00155499999999968
484,485,SER,-1.0000000000001119e-05,0.32512000000000024,-0.3242900000000002,0.0,0.000820000000000265,0.0005949999999999586,0.000294999999999388
485,486,GLN,-2.4999999999999466e-05,0.25138499999999914,-0.25086499999999995,0.0,0.0004949999999992372,0.00028000000000027113,0.00023999999999972044
486,487,VAL,-1.4999999999998349e-05,0.24068,-0.24012999999999982,0.0,0.0005349999999999766,0.00023500000000001075,0.00032000000000009354
487,488,GLU,-2.4999999999992805e-05,-15.77722999999999,15.769020000000003,0.0,-0.008234999999999531,-0.007269999999999683,-0.0009950000000002923
488,489,GLN,-1.4999999999998349e-05,-14.650075000000005,14.644010000000007,0.0,-0.006079999999999402,-0.0010349999999996484,-0.004930000000001442
489,490,FAD,-1.8155649999999988,-151.62649999999996,143.57616999999996,-0.08815957200000005,-9.954054572,-9.954054572,0.0
